{"BSN": {"Product-based": [{"total_time": 8599, "elapsed_model_checking_time": 6448.949351, "elapsed_expression_solving_time": -1.0, "inner_memory": 110.8902359008789, "min_formula_size": 379, "all_formulae_sizes": [379], "memory": 611.87109375, "all_model_checking_times": [34.50097, 29.863544, 49.217168, 38.392189, 22.383316, 37.430959, 24.254965, 72.970085, 72.603924, 42.109008, 29.432334, 35.32322, 39.897003, 64.883363, 74.681025, 64.004572, 55.870641, 41.066702, 74.299066, 35.969398, 32.598022, 34.236399, 62.539907, 39.929878, 53.862325, 34.925752, 39.00802, 34.844526, 27.542341, 78.751377, 37.535205, 27.896253, 23.219298, 46.39328, 42.650649, 45.288209, 41.501648, 35.31991, 50.861325, 54.284803, 41.049461, 49.899293, 41.162675, 31.285856, 31.187303, 36.488329, 41.407529, 37.642382, 68.668145, 40.255, 61.330061, 49.770553, 42.191659, 22.092257, 30.843876, 41.487466, 51.719944, 67.293822, 51.914698, 63.564436, 51.696213, 46.31907, 37.185612, 56.103962, 55.767908, 35.906558, 31.026726, 53.250527, 29.280433, 22.024524, 20.74797, 68.739925, 65.314951, 31.580889, 35.651314, 60.651521, 35.213751, 41.60771, 35.923927, 45.994885, 40.843229, 38.282142, 59.730713, 53.968122, 26.432674, 80.945287, 99.831972, 98.627517, 73.038889, 13.433276, 32.200385, 23.168056, 24.195203, 14.787336, 19.473795, 23.920212, 24.161218, 15.11853, 18.577568, 14.93865, 19.269613, 12.815111, 24.416528, 19.451574, 21.129371, 16.599582, 16.594626, 26.561659, 16.019139, 19.097627, 15.865225, 15.224049, 24.63628, 19.026176, 20.005568, 15.81195, 16.393819, 29.083665, 19.108281, 25.134814, 34.487554, 20.247122, 17.888816, 24.131954, 20.074185, 26.122661, 19.230771, 25.118686, 19.180904, 17.083597, 12.643062, 12.757186, 13.387309, 12.846556, 12.903355, 14.233538, 17.862417, 16.850351, 18.79657, 13.078575, 12.934519, 20.513248, 15.76832, 13.155056, 12.981441, 13.130501, 12.935573, 15.232044, 13.22749, 11.914863, 12.587153, 20.058761, 27.142452, 18.35217, 16.524153, 17.268664, 17.348036, 16.578933, 21.608388, 19.829746, 27.989948, 21.168148, 24.753201, 15.967274, 17.139777, 23.510116, 12.211086, 20.80797, 13.262488, 16.222207, 38.893634, 21.294248, 13.897889, 17.203475, 15.981148, 13.678382, 13.769156, 21.387307, 16.511048, 38.083565, 21.359029, 19.244429, 17.220876, 19.979783, 16.020131, 19.844809, 16.050457, 30.542967, 29.175821, 18.70386, 20.535828, 23.593331, 20.906064, 15.963622, 25.057096, 26.963388, 22.72372, 21.949477, 16.715882, 34.616287, 16.239461, 25.765824, 21.309452, 37.084233, 20.201343, 17.38347, 20.170397, 27.15392, 24.401779, 30.615069, 25.443547, 17.149162, 16.546626, 15.592603, 16.301432, 15.099992, 21.256336, 22.380206, 12.737757, 15.422105, 16.098604, 20.896311, 21.374589, 16.783407, 33.161817, 19.460766, 21.562506, 31.108347, 18.525083, 17.839593, 14.815033, 36.864444, 18.278264, 13.874539, 18.335677, 21.002146, 30.025671, 18.974629, 20.662963, 19.947749, 27.939044, 12.712894, 23.409692, 24.519975, 20.044126, 20.000983, 19.91918, 24.684429, 19.906206, 25.561246, 20.888285, 16.729134, 24.966247, 19.946702, 22.448968, 27.158783, 23.360226, 20.200332, 26.445803, 20.892458, 16.779614, 20.048661, 29.645187, 22.017835, 16.363196, 25.006833, 34.874945, 25.784666, 19.534602, 20.858468, 16.383971, 17.972357, 25.574715, 20.66365, 21.234312, 34.578966, 30.875249, 22.391752, 27.094228, 51.206576, 25.03442, 19.99791, 20.776995, 21.075779, 16.392835, 15.867797, 25.669165, 24.489565, 25.530782, 20.594807, 33.527821, 29.99183, 31.216751, 54.551593, 22.503364, 21.077632, 46.132785, 32.863192], "analysis_time": 6460, "max_formula_size": 379}], "Family-based": [{"total_time": 25926, "elapsed_model_checking_time": 1081.288997, "elapsed_expression_solving_time": 22776.998421, "inner_memory": 205.39891052246094, "min_formula_size": 5555698, "all_formulae_sizes": [5555698], "memory": 387.08984375, "all_model_checking_times": [861.728077], "analysis_time": 23865, "max_formula_size": 5555698}], "Feature-product-based": [{"total_time": 3254, "elapsed_model_checking_time": 74.226464, "elapsed_expression_solving_time": 1068.558594, "inner_memory": 225.85645294189453, "min_formula_size": 13, "all_formulae_sizes": [60, 36, 19, 24, 60, 54, 13, 18, 24, 60, 24, 60, 24, 18, 81, 60], "memory": 317.4921875, "all_model_checking_times": [16.343054, 14.035315, 17.579556, 20.093801, 6.323413, 7.975808, 12.034149, 7.875859, 5.872048, 5.104998, 7.909595, 9.196831, 6.724104, 13.809779, 7.424186, 5.296044], "analysis_time": 1157, "max_formula_size": 81}], "Family-product-based": [{"total_time": 25695, "elapsed_model_checking_time": 1083.522892, "elapsed_expression_solving_time": 22427.752644, "inner_memory": 191.7579345703125, "min_formula_size": 5555698, "all_formulae_sizes": [5555698], "memory": 496.51171875, "all_model_checking_times": [889.445909], "analysis_time": 23526, "max_formula_size": 5555698}], "Feature-family-based": [{"total_time": 2351, "elapsed_model_checking_time": 76.420665, "elapsed_expression_solving_time": 51.901881, "inner_memory": 45.72003936767578, "min_formula_size": 13, "all_formulae_sizes": [60, 36, 19, 24, 60, 54, 13, 18, 24, 60, 24, 60, 24, 18, 81, 60], "memory": 134.27734375, "all_model_checking_times": [12.544285, 15.644953, 19.626062, 21.062907, 6.787443, 11.149627, 6.342703, 4.358294, 8.557735, 10.406552, 17.659206, 7.023441, 10.099206, 3.990983, 7.244252, 10.551855], "analysis_time": 137, "max_formula_size": 81}]}, "Email": {"Product-based": [{"total_time": 3631, "elapsed_model_checking_time": 1233.360693, "elapsed_expression_solving_time": -1.0, "inner_memory": 94.37804412841797, "min_formula_size": 246, "all_formulae_sizes": [246], "memory": 182.5234375, "all_model_checking_times": [27.596526, 61.227846, 60.338651, 23.500312, 78.208227, 12.44246, 16.872658, 19.806517, 8.082432, 16.598046, 20.033056, 13.153698, 22.828607, 8.689428, 24.664451, 29.874999, 34.255575, 17.995649, 30.501755, 28.600498, 27.217894, 16.50282, 28.913814, 13.435, 25.921122, 25.75562, 32.44416, 37.781085, 32.266647, 34.730271, 13.547957, 14.521917, 30.861202, 30.630875, 22.969997, 18.223011, 35.731606, 41.991052, 57.866835, 15.600561], "analysis_time": 1245, "max_formula_size": 246}], "Family-based": [{"total_time": 2882, "elapsed_model_checking_time": 201.739313, "elapsed_expression_solving_time": 436.099235, "inner_memory": 59.75117492675781, "min_formula_size": 183750, "all_formulae_sizes": [183750], "memory": 142.94921875, "all_model_checking_times": [129.10898], "analysis_time": 645, "max_formula_size": 183750}], "Feature-product-based": [{"total_time": 2678, "elapsed_model_checking_time": 66.97639, "elapsed_expression_solving_time": 250.796285, "inner_memory": 48.09748077392578, "min_formula_size": 7, "all_formulae_sizes": [24, 186, 54, 21, 42, 30, 66, 36, 126, 33, 7, 61, 30, 45], "memory": 171.6640625, "all_model_checking_times": [15.530066, 15.311223, 18.997221, 19.067187, 5.396272, 7.306726, 9.320137, 9.869472, 7.880147, 4.143251, 3.896793, 16.500951, 11.03752, 8.623984], "analysis_time": 327, "max_formula_size": 186}], "Family-product-based": [{"total_time": 2891, "elapsed_model_checking_time": 117.467452, "elapsed_expression_solving_time": 374.461076, "inner_memory": 87.48876953125, "min_formula_size": 183750, "all_formulae_sizes": [183750], "memory": 190.24609375, "all_model_checking_times": [64.370241], "analysis_time": 503, "max_formula_size": 183750}], "Feature-family-based": [{"total_time": 2454, "elapsed_model_checking_time": 75.346057, "elapsed_expression_solving_time": 35.603971, "inner_memory": 48.184173583984375, "min_formula_size": 7, "all_formulae_sizes": [24, 186, 21, 54, 30, 42, 66, 36, 126, 33, 7, 61, 30, 45], "memory": 136.9296875, "all_model_checking_times": [14.484237, 19.269709, 20.047863, 18.94213, 3.864105, 8.488716, 16.489036, 11.157604, 9.01323, 5.936849, 7.630996, 6.832261, 8.572054, 6.404414], "analysis_time": 118, "max_formula_size": 186}]}}