{"BSN": {"Product-based": [{"total_time": 8992, "elapsed_model_checking_time": 6463.633133, "elapsed_expression_solving_time": -1.0, "inner_memory": 111.07537841796875, "min_formula_size": 379, "all_formulae_sizes": [379], "memory": 607.01171875, "all_model_checking_times": [33.698004, 31.602616, 39.245182, 36.898717, 22.472185, 35.812738, 37.142055, 72.064947, 60.93747, 27.204464, 38.536133, 32.237021, 39.384845, 34.028199, 29.28281, 42.560319, 28.111736, 26.96506, 40.848882, 34.307567, 51.192629, 44.484071, 34.525675, 45.600829, 48.84157, 43.538862, 52.776544, 32.398842, 21.939655, 102.742986, 46.510143, 37.44103, 72.263959, 36.640964, 52.367569, 67.612801, 31.919653, 51.657522, 41.077078, 35.634413, 51.515049, 34.495868, 26.343261, 47.583746, 71.642172, 39.923211, 32.69127, 56.423675, 92.638689, 88.05481, 85.15741, 60.110057, 46.907624, 28.834115, 38.050707, 31.281207, 28.784264, 27.756362, 55.343173, 46.844958, 21.745355, 36.70272, 54.598634, 39.429147, 56.12022, 32.813196, 32.913951, 37.107332, 56.38537, 45.072038, 44.488685, 28.617114, 51.388922, 53.62687, 28.644247, 25.695764, 29.530452, 25.227829, 27.010663, 30.668911, 25.153044, 53.204754, 36.386621, 45.425111, 52.735523, 26.365944, 41.407927, 41.448499, 27.594308, 19.144586, 45.662901, 35.412743, 25.291458, 38.629381, 45.652574, 35.617881, 25.90853, 19.600985, 22.801403, 12.889222, 22.398715, 12.932706, 16.452216, 23.736389, 25.437689, 18.55296, 16.99137, 22.359815, 18.193207, 30.144144, 21.973612, 17.147852, 22.243724, 23.381172, 20.288143, 15.980124, 16.553105, 23.991909, 23.793322, 24.524043, 20.121969, 38.55012, 18.113938, 23.597908, 20.008107, 33.553446, 20.608192, 26.232192, 31.256312, 19.106345, 12.552635, 12.823426, 13.216859, 12.584992, 25.938067, 23.251713, 13.686319, 17.368185, 16.289696, 18.787288, 15.982225, 16.849519, 16.194038, 12.987823, 12.630502, 13.579779, 17.056447, 11.967791, 13.625436, 12.245476, 23.699835, 12.97926, 17.763025, 16.192879, 33.500835, 26.781164, 23.897078, 16.198676, 16.875751, 19.992145, 16.174657, 25.004408, 20.7214, 16.249758, 16.969614, 21.025028, 14.936529, 26.472891, 21.175306, 17.483962, 24.212613, 18.84391, 13.795836, 16.949595, 16.062142, 13.357291, 12.661867, 22.277736, 16.386738, 15.675844, 12.589778, 13.596119, 16.183498, 25.623233, 16.696358, 20.068074, 16.410448, 21.145123, 22.56204, 43.859614, 26.089017, 17.373317, 23.181758, 29.332625, 26.819711, 25.062766, 21.026011, 22.56714, 18.890161, 29.159826, 24.006499, 25.939323, 21.179918, 30.948097, 22.176393, 29.632394, 20.507703, 30.345129, 21.079629, 17.313781, 19.052352, 21.917693, 16.178721, 13.384119, 16.924069, 15.417448, 30.95474, 20.684776, 11.992927, 15.449048, 16.07345, 21.015615, 23.763589, 16.703481, 19.766861, 13.342815, 24.954516, 29.025769, 48.611272, 17.642049, 28.248276, 23.568405, 22.620342, 13.712269, 18.330294, 19.536252, 27.144253, 17.746048, 18.977962, 21.641226, 18.878251, 12.676822, 19.992113, 24.662001, 23.159423, 16.3422, 20.377475, 25.155738, 20.409577, 22.265956, 20.773917, 16.838897, 24.865881, 36.163629, 16.578451, 31.531199, 21.141568, 25.201452, 19.811397, 20.741789, 16.454122, 19.653628, 31.301111, 20.84184, 15.954041, 54.786704, 54.82353, 27.247725, 21.87244, 20.797466, 16.696973, 16.018889, 25.43337, 25.930871, 34.247623, 31.65292, 30.33095, 22.773024, 24.407666, 29.739336, 30.752723, 19.813274, 19.87908, 19.975484, 17.390123, 16.476613, 25.625833, 19.92786, 26.100551, 25.081547, 29.729658, 24.584473, 47.079187, 26.774303, 23.692686, 21.891907, 33.657557, 25.988981], "analysis_time": 6475, "max_formula_size": 379}], "Feature-product-based": [{"total_time": 3482, "elapsed_model_checking_time": 84.690593, "elapsed_expression_solving_time": 1160.508236, "inner_memory": 226.16275024414062, "min_formula_size": 13, "all_formulae_sizes": [60, 36, 19, 24, 60, 54, 13, 18, 24, 60, 24, 60, 24, 18, 81, 60], "memory": 320.6875, "all_model_checking_times": [18.357482, 24.490387, 27.579296, 27.676635, 4.391225, 11.252032, 5.599604, 12.972963, 13.457638, 7.871473, 13.22777, 5.474712, 10.795084, 11.708212, 4.99927, 6.851883], "analysis_time": 1261, "max_formula_size": 81}], "Family-product-based": [{"total_time": 26224, "elapsed_model_checking_time": 1082.117792, "elapsed_expression_solving_time": 22928.549745, "inner_memory": 74.23466491699219, "min_formula_size": 5555698, "all_formulae_sizes": [5555698], "memory": 520.6640625, "all_model_checking_times": [890.961202], "analysis_time": 24022, "max_formula_size": 5555698}], "Feature-family-based": [{"total_time": 2377, "elapsed_model_checking_time": 102.438215, "elapsed_expression_solving_time": 60.781849, "inner_memory": 46.245147705078125, "min_formula_size": 13, "all_formulae_sizes": [36, 60, 19, 24, 60, 54, 13, 18, 24, 60, 24, 60, 24, 18, 81, 60], "memory": 137.85546875, "all_model_checking_times": [22.254835, 20.424698, 28.489974, 24.950517, 9.147774, 20.726145, 21.96706, 19.591395, 8.095948, 12.867617, 22.911476, 12.595991, 6.648806, 16.605903, 5.397784, 10.043173], "analysis_time": 170, "max_formula_size": 81}], "Family-based": [{"total_time": 30102, "elapsed_model_checking_time": 1415.829953, "elapsed_expression_solving_time": 25283.542783, "inner_memory": 207.58456420898438, "min_formula_size": 5555698, "all_formulae_sizes": [5555698], "memory": 403.4765625, "all_model_checking_times": [1157.626371], "analysis_time": 26710, "max_formula_size": 5555698}]}, "Lift": {"Product-based": [{"total_time": 16690, "elapsed_model_checking_time": 14701.212692, "elapsed_expression_solving_time": -1.0, "inner_memory": 84.23699951171875, "min_formula_size": 294, "all_formulae_sizes": [294], "memory": 622.76953125,